{
  "train_losses": [
    632.2591509137835,
    345.44862488337924,
    52.27656126022339,
    37.03855548586164,
    32.39782994134085,
    29.17612259728568,
    27.57983102117266,
    26.673570224217006,
    25.782314130238124,
    25.288697174617223,
    24.670883757727488,
    24.16493262563433,
    23.762286731175013,
    23.20090733255659,
    22.78831778253828,
    22.11642554828099,
    21.80465337208339,
    21.550285509654454,
    21.464851447514125,
    20.857323919023788,
    20.53746220043727,
    20.226359299251012,
    19.93469943319048,
    19.62526743752616,
    19.530264854431152,
    19.056517379624502,
    18.976489646094187,
    18.35630226135254,
    18.060905848230636,
    17.667484385626658,
    17.29498987538474,
    17.04871017592294,
    16.735952888216293,
    16.69947486264365,
    16.45270139830453,
    16.225000194140843,
    16.182435819080897,
    15.78530466556549,
    15.59783056804112,
    15.420731033597674,
    15.24275529384613,
    15.167616980416435,
    15.125914641789027,
    14.820851581437248,
    14.775062680244446,
    14.58802614893232,
    14.57562950679234,
    14.542049969945635,
    14.37791987827846,
    14.397215127944946,
    14.252530319350106,
    14.100028242383685,
    13.993814740862165,
    13.786933932985578,
    13.823736429214478,
    13.764780572482518,
    13.561350890568324,
    13.606560604912895,
    13.570398449897766,
    13.395804115704127,
    13.2943274804524,
    13.237731763294764,
    13.202967592648097,
    13.140544312340873,
    12.929780278887067,
    12.928472638130188,
    12.846869196210589,
    12.69376368182046,
    12.756648881094796,
    12.592240112168449,
    12.511095745222908,
    12.633960843086243,
    12.418222665786743,
    12.298259275300163,
    12.339025786944799,
    12.270024980817523,
    12.264790552003044,
    12.138966730662755,
    12.318600024495806,
    11.998586228915624
  ],
  "val_losses": [
    391.50140598842074,
    81.84737832205636,
    31.628994941711426,
    26.58104964665004,
    24.182762963431223,
    22.57994202205113,
    22.256453650338308,
    21.244740894862584,
    21.541422026497976,
    20.286293847220286,
    20.53569643838065,
    19.74192632947649,
    19.542385782514298,
    18.880828312465123,
    18.707177025931223,
    17.92601864678519,
    17.95089830671038,
    17.491463593074254,
    17.04780673980713,
    16.757516656603133,
    17.4557044846671,
    16.412994725363596,
    16.850796972002303,
    16.354314599718368,
    15.666168689727783,
    15.414706230163574,
    15.647729192461286,
    14.59365279333932,
    15.001018047332764,
    14.09075335093907,
    14.122126034327916,
    13.729030949728829,
    13.358093670436315,
    13.167209829602923,
    12.844358716692243,
    12.642341886247907,
    12.519018581935338,
    12.310645035334996,
    12.086968626294817,
    12.313293865748815,
    12.007840497153145,
    12.043864795139857,
    11.582580702645439,
    11.572713102613177,
    11.775156021118164,
    11.403075422559466,
    11.282154287610735,
    11.14900473185948,
    11.223724705832344,
    11.730846336909703,
    11.04633617401123,
    11.196624483381,
    10.831753662654332,
    10.7714262008667,
    10.836659158979144,
    10.5636613709586,
    10.652954850878034,
    10.917443343571254,
    10.386284760066442,
    10.416329315730504,
    10.27685362952096,
    10.527689933776855,
    10.313092708587646,
    10.492727484021868,
    10.071015528270177,
    10.031970569065638,
    9.926762989589147,
    10.08964306967599,
    10.022098711558751,
    9.86646216256278,
    9.716122218540736,
    9.686431986945015,
    9.629594564437866,
    9.61806869506836,
    9.679401397705078,
    9.874101638793945,
    9.690750667027064,
    9.429186241967338,
    9.510090759822301,
    9.331875222069877
  ],
  "epochs": 80
}