{
  "pitch": {
    "mean_f0": 222.48341016300148,
    "min_f0": 50.0,
    "max_f0": 400.0,
    "f0_std": 76.39596936772716,
    "voiced_percentage": 0.6140368852459016
  },
  "spectral": {
    "centroid_mean": 2971.1572510533815,
    "centroid_std": 930.0764965342969,
    "rolloff_mean": 6430.981045081967,
    "bandwidth_mean": 2924.140822447427
  },
  "voice_quality": {
    "mfcc_means": [
      -199.16552734375,
      55.416648864746094,
      -2.308215618133545,
      7.042901515960693,
      2.072970390319824,
      1.3046112060546875,
      -2.028456687927246,
      -3.8293089866638184,
      -3.266629219055176,
      -1.545323133468628,
      -1.1572047472000122,
      -1.4951080083847046,
      -1.9811551570892334
    ],
    "mfcc_stds": [
      190.02610778808594,
      30.670482635498047,
      16.997089385986328,
      10.692359924316406,
      8.964330673217773,
      7.641670227050781,
      7.953648567199707,
      7.614071369171143,
      7.03466272354126,
      7.2093963623046875,
      7.531325817108154,
      6.586573123931885,
      6.182693958282471
    ]
  },
  "speaking_rate": 3.4820502311761166,
  "energy": {
    "mean_energy": 0.09825475513935089,
    "energy_variance": 0.007593222893774509
  }
}