{
  "mfcc": {
    "mean": [
      -301.6216125488281,
      57.04393005371094,
      0.25851327180862427,
      8.918416976928711,
      3.204833745956421,
      2.2733187675476074,
      -1.523464322090149,
      -3.6322085857391357,
      -3.039222002029419,
      -1.528335452079773,
      -1.0552711486816406,
      -1.4779777526855469,
      -2.151113271713257
    ],
    "std": [
      209.35084533691406,
      31.764291763305664,
      18.427169799804688,
      12.969057083129883,
      10.84422492980957,
      9.353499412536621,
      9.33474349975586,
      8.748350143432617,
      8.178075790405273,
      8.23420524597168,
      8.563651084899902,
      7.557888031005859,
      7.2115092277526855
    ]
  },
  "f0": {
    "mean": 181.8956806109708,
    "std": 83.56590149214061,
    "min": 50.0,
    "max": 400.0
  },
  "energy": {
    "mean": 0.09788284450769424,
    "std": 0.0866912305355072
  },
  "spectral_centroid": {
    "mean": 2982.9317963450026,
    "std": 927.5176321873284
  },
  "spectral_rolloff": {
    "mean": 6453.5075043310235,
    "std": 1772.5328487022573
  },
  "spectral_bandwidth": {
    "mean": 2927.3766573951366,
    "std": 555.0882869987229
  },
  "zcr": {
    "mean": 0.07905801801539179,
    "std": 0.06096586153805613
  }
}